{
    "camera_matrix": [
        [
            2829.1718422098274,
            0.0,
            876.8341772060476
        ],
        [
            0.0,
            2896.784523404358,
            442.1413747296717
        ],
        [
            0.0,
            0.0,
            1.0
        ]
    ],
    "distortion_coefficients": [
        [
            0.8595064010020365,
            -86.68139805155919,
            -0.004521645756138882,
            0.0005087128032675343,
            2546.3598456889395
        ]
    ],
    "rotation_vectors": [
        [
            [
                0.13304257197646802
            ],
            [
                -0.11171441768617932
            ],
            [
                1.576469285578878
            ]
        ]
    ],
    "translation_vectors": [
        [
            [
                107.03214086922398
            ],
            [
                -149.4399668108851
            ],
            [
                1376.1789518505516
            ]
        ]
    ],
    "image_size": [
        1920,
        1080
    ]
}